first_name,last_name,email,phone,zip_code,state,volunteer,favorite_animal,date_collected
Melessa,Levane,,3047887188,25716,WV,true,"Wallaby, red-necked",4/27/2019
Cris,Mapston,,9181055965,74184,OK,false,"Wallaby, tammar",6/4/2019
Teresa,Greed,,,16550,PA,true,"Insect, stick",8/12/2019
Drusi,Rapelli,,,67260,KS,false,Sugar glider,1/25/2019
Delphine,Orth,,7042975600,28263,NC,true,Black-backed magpie,9/13/2019
Thaddeus,Weyland,,2094168677,95205,CA,false,,9/19/2019
Broderick,Lancastle,,9077324878,99599,AK,,"Cockatoo, red-tailed",4/20/2019
Giraldo,Leport,gleport7@exblog.jp,,93034,CA,true,Civet cat,8/5/2019
Petronella,Chaudrelle,,6016084655,39210,MS,,Python (unidentified),5/17/2019
Archaimbaud,Kermitt,akermitt9@loc.gov,4122936408,,,,American black bear,11/30/2018
Ilene,Le Leu,ileleua@nature.com,9077841361,99599,AK,,"Cobra, egyptian",1/23/2019
Brittney,Page,bpageb@sohu.com,6269294463,90025,CA,,"Hornbill, red-billed",11/17/2018
Corabel,Spelsbury,,5045602356,70124,LA,false,Bengal vulture,12/26/2018
Pia,Leist,pleistd@posterous.com,8324698358,77266,TX,true,,11/30/2018
Goldie,Gulleford,,9182159663,74108,OK,false,"Robin, kalahari scrub",8/25/2019
Kirsten,Spears,,7862045433,33190,FL,,,12/7/2018
Karmen,Dach,,5611272971,33436,FL,false,Hoffman's sloth,12/23/2018
Garald,Andersson,ganderssonh@hatena.ne.jp,3526769398,,,,"Squirrel, eastern fox",2/5/2019
Mirelle,Cocke,,7345187525,48126,MI,,"Wallaroo, common",11/20/2018
Rosalie,Calladine,,3177406601,46207,IN,true,Agouti,7/1/2019
Ilario,Lidster,,8506928279,32520,FL,true,"Penguin, galapagos",7/14/2019
Lyndsey,Prestland,,,28314,NC,true,"Egret, snowy",7/20/2019
Anselm,Carnalan,acarnalanm@naver.com,8179056501,76205,TX,,"Squirrel, european red",7/2/2019
Lynnelle,Mottershead,lmottersheadn@weather.com,2146880735,75037,TX,true,Large-eared bushbaby,10/3/2018
Noak,Gobel,,8596361845,40546,KY,,Mara,4/28/2019
Corinne,Pellingar,,,47747,IN,true,African buffalo,8/13/2019
Emmye,Cockshut,ecockshutq@columbia.edu,9183414642,74133,OK,,Bottle-nose dolphin,10/11/2018
Lorrie,Ditch,,2395163091,33913,FL,,Pallas's fish eagle,5/23/2019
Berty,Gabel,,,14652,NY,,"Baboon, chacma",6/15/2019
Amii,Bausmann,abausmannt@instagram.com,,76210,TX,,Great kiskadee,2/1/2019
Chrissy,Gallego,cgallegou@xrea.com,5204206352,85715,AZ,false,"Sheep, american bighorn",11/10/2018
Langston,Benedito,,2038750844,,,true,"Sheep, red",9/8/2019
Daniel,Boness,,9191380182,27635,NC,false,North American river otter,5/19/2019
Ozzy,Richardet,orichardetx@live.com,6177728357,02109,MA,false,Western bearded dragon,1/7/2019
Chance,Pren,cpreny@scientificamerican.com,3098835724,61709,IL,,Steller sea lion,8/24/2019
Jean,Glancey,jglanceyz@chronoengine.com,2813122585,77040,TX,true,,11/21/2018
Donica,Robben,drobben10@ihg.com,,32412,FL,,,7/16/2019
Ximenes,MacIntyre,xmacintyre11@wikipedia.org,6038839146,03105,NH,true,"Seal, harbor",3/19/2019
Axe,Lyburn,,9046437930,,,true,African bush squirrel,3/9/2019
Franny,Heims,fheims13@tumblr.com,,73167,OK,false,"Gull, kelp",6/20/2019
Torry,Baldock,,8183225094,91210,CA,,,1/20/2019
Raffarty,Ruddock,rruddock15@about.me,4782312393,31217,GA,,"Dove, mourning collared",12/18/2018
Dani,Trumpeter,,5718482840,22093,VA,false,"Deer, red",10/30/2018
Trish,Kairns,tkairns17@skyrock.com,,90610,CA,true,Black spider monkey,2/6/2019
Genna,Jollye,gjollye18@twitter.com,5706679140,18768,PA,,"Rhea, common",3/17/2019
Domingo,Fealy,,7136581635,77250,TX,false,,9/10/2019
Mandy,MacGebenay,mmacgebenay1a@csmonitor.com,2021680606,20022,DC,,,4/2/2019
Magdaia,Sedge,msedge1b@smh.com.au,7131400244,77250,TX,true,Feral rock pigeon,3/30/2019
Nixie,Moquin,,2023313532,20414,DC,false,,12/31/2018
Darwin,Brightey,dbrightey1d@blinklist.com,7602041829,92013,CA,,Bushbuck,10/19/2018
Hernando,Kleisle,,,39236,MS,false,,5/15/2019
Madeline,Brower,mbrower1f@reference.com,7136000259,77271,TX,true,Eurasian badger,9/4/2019
Zolly,Massingberd,,3231292764,91103,CA,,"Gecko, ring-tailed",12/30/2018
Elisha,Norrington,enorrington1h@pcworld.com,5867894267,48211,MI,true,Mallard,10/26/2018
Tiler,Grahlman,tgrahlman1i@wordpress.com,9139272465,66205,KS,true,"Stork, openbill",12/14/2018
Rozanne,Ipsgrave,,8043727722,23272,VA,,Topi,3/8/2019
Lindsey,Raison,,9131552003,66225,KS,true,"Bushbaby, large-eared",1/29/2019
Rori,Brockwell,,2022269573,20414,DC,true,"Turtle, snake-necked",9/11/2019
Say,Scarlet,,6177863671,01905,MA,,,8/1/2019
Danice,Dranfield,ddranfield1n@wikimedia.org,5618281319,33462,FL,false,"Eagle, bald",12/30/2018
Leslie,Antonsen,lantonsen1o@seattletimes.com,6511380727,55123,MN,,Bat-eared fox,2/10/2019
Siobhan,Swalowe,,8132898106,33605,FL,true,"Kangaroo, jungle",11/12/2018
Genia,Gowar,,5048022873,,,false,Short-nosed bandicoot,9/3/2019
Cherish,Wiltshier,cwiltshier1r@state.tx.us,7631492657,55115,MN,,,2/10/2019
Hammad,Rustadge,hrustadge1s@reverbnation.com,8012895496,84189,UT,,Jabiru stork,12/7/2018
Gay,Newbatt,gnewbatt1t@hostgator.com,7249195929,,,false,Agama lizard (unidentified),8/19/2019
Wilona,Sherrington,wsherrington1u@blinklist.com,5128445844,78710,TX,true,Giant otter,7/8/2019
Huntington,Bastiman,,2516750782,36670,AL,false,Red-winged hawk (unidentified),5/1/2019
Lovell,Mazella,,3214277856,32803,FL,true,,8/22/2019
Susanetta,Petschelt,spetschelt1x@berkeley.edu,3186985651,71307,LA,false,Blackish oystercatcher,10/7/2018
Northrup,Haymes,,8011827968,84605,UT,true,"Buffalo, american",12/5/2018
Allan,Brecknell,abrecknell1z@abc.net.au,8593135699,40586,KY,false,Water moccasin,1/17/2019
Donny,Venes,dvenes20@vk.com,6022370181,85030,AZ,false,Bushbuck,5/31/2019
Chrisse,Otter,cotter21@theatlantic.com,5188738140,12205,NY,true,,7/8/2019
Robbert,Cassels,rcassels22@vimeo.com,9154152754,79977,TX,false,"Macaw, scarlet",3/1/2019
Neila,Worvell,,7181367026,10009,NY,,African lynx,12/30/2018
Alic,McGarvey,,2125605726,10090,NY,false,,6/4/2019
Nicko,Ludovici,nludovici25@who.int,3138015022,48242,MI,,Topi,2/6/2019
Lorant,Tatershall,,4024212943,,,true,Red-billed buffalo weaver,12/20/2018
Minor,Jikovsky,mjikovsky27@rakuten.co.jp,,35220,AL,true,"Bear, polar",3/24/2019
Pryce,Rebillard,prebillard28@instagram.com,7024009167,89155,NV,,"Gull, herring",6/16/2019
Zilvia,Merck,zmerck29@timesonline.co.uk,2406568185,20883,MD,,Hoffman's sloth,8/22/2019
Kendall,Cervantes,,7274149896,34620,FL,,African darter,5/14/2019
Tate,Drinkall,tdrinkall2b@hp.com,3602751292,98687,WA,,,4/17/2019
Nadya,Scotford,,5022877095,40233,KY,false,Red-capped cardinal,9/1/2019
Oliviero,Reynolds,,7543138501,33336,FL,false,"Seal, northern elephant",12/10/2018
Sam,Skippen,sskippen2e@reddit.com,7131438658,77055,TX,false,"Langur, common",4/15/2019
Odessa,Donnan,,6265308657,91131,CA,true,"Stork, white",4/14/2019
Viv,Tonna,,2534475177,98442,WA,,"Duiker, gray",9/22/2019
Mehetabel,Eleshenar,meleshenar2h@dyndns.org,6037928182,00214,NH,,Tammar wallaby,1/8/2019
Rebe,Castillo,rcastillo2i@geocities.jp,5126073518,78732,TX,true,Egyptian viper,12/21/2018
Kerrin,Clark,kclark2j@princeton.edu,2027774880,20557,DC,true,,3/31/2019
Aridatha,Brydie,,8169044533,,,false,"Quoll, spotted-tailed",9/19/2019
Dacia,Lambertz,,,32885,FL,true,"Cockatoo, long-billed",9/20/2019
Nissa,Boast,,5039252280,97296,OR,true,"Civet, common palm",5/8/2019
Katherina,Wylie,kwylie2n@nhs.uk,7078666897,94975,CA,true,,9/15/2019
Aurlie,Luc,,4062714945,59771,MT,true,Silver gull,1/30/2019
Hermy,Seward,,6161998453,49518,MI,true,Black bear,6/8/2019
Layne,Urwen,,2818700694,77070,TX,,"Lynx, african",4/28/2019
Orelie,Petrelluzzi,,,17140,PA,,"Skunk, striped",7/21/2019
Bradly,Beisley,bbeisley2s@elpais.com,9159091926,79994,TX,true,Black-cheeked waxbill,9/12/2019
Theressa,Geldeford,,2518713590,36628,AL,true,Green heron,5/13/2019
Corny,Griswaite,cgriswaite2u@fda.gov,9784455651,02119,MA,false,Lesser flamingo,12/26/2018
Allissa,Plomer,aplomer2v@etsy.com,3094265358,61629,IL,true,Bee-eater (unidentified),5/13/2019
Hinze,Petris,hpetris2w@furl.net,9201462231,54305,WI,true,,12/21/2018
Louise,Hasley,,,84152,UT,false,Marabou stork,1/2/2019
Francois,Davis,,3474893932,11241,NY,,,3/10/2019
Kalle,Ganley,,5135016344,45203,OH,,Striped dolphin,9/14/2019
William,Keefe,,9521693218,55564,MN,,Cheetah,2/10/2019
Moritz,Rieflin,mrieflin31@mozilla.com,,66699,KS,,"Vulture, griffon",11/2/2018
Yancy,O' Dooley,yodooley32@altervista.org,6019038029,39404,MS,true,Griffon vulture,9/18/2019
Mathilde,Leggis,,6198925432,92110,CA,,"Wallaby, dama",10/28/2018
Mercie,Hullot,mhullot34@bbc.co.uk,8088803977,96820,HI,true,,7/11/2019
Bailey,Coneybeare,,4178152184,65810,MO,true,Snowy sheathbill,1/27/2019
Kacey,Lerner,,8633258435,33884,FL,false,Red-headed woodpecker,1/24/2019
Jordan,Stollsteimer,jstollsteimer37@dedecms.com,6784313670,30022,GA,false,"Woodpecker, red-headed",10/24/2018
Sonja,Eastment,seastment38@amazonaws.com,,,,true,Feral rock pigeon,10/22/2018
Shela,O'Devey,,4152109499,94169,CA,,"Echidna, short-beaked",5/2/2019
Theda,Sacher,tsacher3a@tamu.edu,8154539342,61110,IL,true,,4/20/2019
Woodie,Varlow,,9189880448,74126,OK,,"Heron, striated",12/13/2018
Albina,Talbot,atalbot3c@irs.gov,,,,false,Boat-billed heron,2/16/2019
Saloma,Albasini,,7025942255,89160,NV,,Southern screamer,7/31/2019
Cathrin,Geraldez,cgeraldez3e@hud.gov,,46254,IN,true,,9/29/2019
Cathrine,Atwill,,3037793667,80127,CO,true,,5/18/2019
Cookie,Valintine,cvalintine3g@cnn.com,7133177056,77085,TX,true,"Sparrow, rufous-collared",1/10/2019
Andreas,Sultan,,9136716580,66215,KS,,,6/11/2019
Matthias,Rosendale,mrosendale3i@nytimes.com,3099685388,61709,IL,,,9/22/2019
Ganny,Enric,,,95160,CA,,Brown and yellow marshbird,7/1/2019
Ellette,Minnis,,3134196976,48126,MI,,Common pheasant,12/11/2018
Amalie,Breeder,abreeder3l@imdb.com,,34605,FL,true,,4/3/2019
Angelica,Elsmore,,2124048511,10120,NY,,,5/15/2019
Kort,Smylie,ksmylie3n@gov.uk,6507997436,94302,CA,,,11/12/2018
Ossie,Rosendahl,orosendahl3o@alexa.com,6015806128,39305,MS,,,7/19/2019
Candice,Saban,,5854052473,14652,NY,,"Peccary, collared",2/3/2019
Nadean,Angel,,8185186017,91606,CA,,"Bear, american black",12/7/2018
Ninnetta,Brokenshaw,nbrokenshaw3r@dyndns.org,5596777140,95354,CA,true,Sociable weaver,5/11/2019
Tyson,Rawkesby,,4103334802,21265,MD,false,,10/3/2018
Chris,Bissiker,cbissiker3t@craigslist.org,5622651315,,,,Koala,5/2/2019
Russell,Locard,rlocard3u@umn.edu,3525978334,32627,FL,,"Opossum, american virginia",5/17/2019
Cristabel,Siemons,csiemons3v@ft.com,7274781619,34620,FL,false,"Dove, laughing",8/30/2019
Trstram,Orrobin,,,33164,FL,true,"Hartebeest, red",5/22/2019
Brendin,Melland,bmelland3x@mail.ru,,77212,TX,true,"Baboon, olive",11/29/2018
Parrnell,Smittoune,,9185579496,74133,OK,,"Stork, yellow-billed",7/19/2019
Tybi,Hyndley,thyndley3z@canalblog.com,5408467445,24004,VA,,,2/7/2019
Katey,Oliva,,5855313835,14639,NY,true,Black-crowned crane,11/1/2018
Shanon,Etty,,4068673178,59771,MT,true,Lava gull,4/13/2019
Cirilo,Chasmar,cchasmar42@bbb.org,,84403,UT,true,Asian openbill,12/16/2018
Tiffy,Salzberger,,,38161,TN,false,Bonnet macaque,4/21/2019
Ginger,Armsden,,9185337660,74126,OK,false,"Kangaroo, jungle",11/16/2018
Roman,Boffin,rboffin45@usatoday.com,,30392,GA,false,"Duiker, common",8/15/2019
Lorie,Le feaver,,6624983208,39705,MS,false,Coqui francolin,6/7/2019
Carlo,McCluskey,cmccluskey47@sakura.ne.jp,5405795092,,,true,White-throated kingfisher,10/11/2018
Giordano,Poundesford,,5611595468,33416,FL,true,"Snake, carpet",7/27/2019
Mel,Gofforth,,,15906,PA,false,Ferruginous hawk,10/12/2018
Stephanie,Inder,,3348278619,36195,AL,,Brolga crane,1/28/2019
Sylvan,Stannion,,4066681122,59623,MT,,"Baboon, savanna",9/15/2019
Celina,Ody,cody4c@uiuc.edu,7751998590,89706,NV,false,,1/5/2019
Chane,Urian,,3614211153,78475,TX,true,Kafue flats lechwe,9/19/2019
Teirtza,Rummer,,4071564182,32854,FL,true,White-tailed deer,4/23/2019
Audi,Sunman,asunman4f@ehow.com,,84605,UT,true,Cormorant (unidentified),2/23/2019
Sean,Welham,swelham4g@acquirethisname.com,9791386721,77844,TX,,White stork,3/23/2019
Luca,Lever,,7571829283,23504,VA,false,Fringe-eared oryx,11/25/2018
Karla,Troy,ktroy4i@guardian.co.uk,3612026104,78465,TX,false,Black vulture,8/1/2019
Farra,Gatchel,fgatchel4j@ucsd.edu,8604318690,06145,CT,,Herring gull,5/31/2019
Elfrieda,Gounot,,6156458762,37205,TN,false,"Flicker, campo",11/18/2018
Mill,De Laci,,3394979726,01813,MA,,,11/27/2018
Barrett,Tidbold,,4255645168,98133,WA,,Koala,8/21/2019
Arne,Palfrie,,2021831674,20425,DC,,"Butterfly, canadian tiger swallowtail",4/15/2019
Dale,Malimoe,,9797963867,77844,TX,,,5/25/2019
Melloney,MacCorley,,5614358120,33487,FL,true,,8/15/2019
Sula,Fuggle,,3025798545,19897,DE,,Silver gull,10/23/2018
Constantino,Ferruzzi,,7175272222,17622,PA,,,2/27/2019
Mikael,Syphas,msyphas4s@oracle.com,,55487,MN,,"Cat, ringtail",7/26/2019
Gabriello,Chalfant,,8041732974,23203,VA,,,11/10/2018
Alasdair,Dall,,8162161286,64153,MO,,Praying mantis (unidentified),6/6/2019
Stephanus,Waterfall,swaterfall4v@rakuten.co.jp,,80638,CO,true,Tree porcupine,10/6/2018
Zared,Bollands,zbollands4w@bbc.co.uk,2178112980,62711,IL,false,,8/17/2019
Cesar,Sambeck,,8068310954,79182,TX,,,12/6/2018
Maurise,Lorey,,6141925534,43268,OH,false,"Flicker, field",9/17/2019
Selia,Donegan,,3612395025,78744,TX,true,"Boa, cook's tree",11/27/2018
Mercy,Gobell,,7134894486,77260,TX,false,Green vine snake,2/19/2019
Minnie,Wimms,mwimms51@facebook.com,7185329306,10454,NY,,"Seal, northern elephant",8/31/2019
Hilliard,Philbrick,,9173907304,10155,NY,,,9/8/2019
Paul,Butler,,4809937577,85284,AZ,true,"Bat, asian false vampire",5/28/2019
Abigael,Widdop,,5159321934,50393,IA,true,,10/22/2018
Kathryn,Guillet,kguillet55@ox.ac.uk,6164430797,49510,MI,,"Mouse, four-striped grass",7/21/2019
Dana,Varty,,7757938948,89595,NV,,"Teal, hottentot",3/8/2019
Engelbert,Ainsley,eainsley57@canalblog.com,7191786438,80940,CO,,"Bee-eater, nubian",10/23/2018
Roana,Raimbauld,,,90081,CA,false,"Grouse, sage",11/12/2018
Grazia,Game,ggame59@google.es,,20404,DC,true,"Dove, rock",11/14/2018
Emilio,Outright,eoutright5a@blogger.com,6012237948,39216,MS,,"Stork, european",4/25/2019
Dieter,Huggan,dhuggan5b@chronoengine.com,2021745446,,,false,"Bird, pied butcher",2/14/2019
Yovonnda,Lake,ylake5c@cdc.gov,5019834184,72199,AR,false,"Heron, giant",1/19/2019
Tally,Newbury,tnewbury5d@reverbnation.com,7571476219,23612,VA,,Woodchuck,9/30/2019
Tasia,Huniwall,thuniwall5e@feedburner.com,3232974469,90810,CA,false,"Porcupine, african",4/29/2019
Bridgette,Merigot,bmerigot5f@dagondesign.com,,,,,Great white pelican,4/19/2019
Kalila,Probert,kprobert5g@fotki.com,,91913,CA,,,8/22/2019
Casey,Mee,,8016562368,84135,UT,,Savanna baboon,1/20/2019
Lawry,Candlin,lcandlin5i@canalblog.com,,27404,NC,true,"Rattlesnake, dusky",11/12/2018
Minny,Willavoys,,,35290,AL,false,Southern brown bandicoot,3/26/2019
Leah,Muzzlewhite,lmuzzlewhite5k@arstechnica.com,9151202801,88535,TX,true,Swallow (unidentified),1/21/2019
Kincaid,Ringsell,,2672347439,19058,PA,true,Asian false vampire bat,5/17/2019
Jo-anne,Blacksell,,2029133165,20904,MD,,Red-billed hornbill,3/14/2019
Issiah,Boriston,iboriston5n@livejournal.com,2088998235,83757,ID,,,9/14/2019
Zacharie,Labadini,zlabadini5o@flavors.me,2094049519,95219,CA,,"Siskin, pine",9/6/2019
Erv,Chestnutt,,8169677887,66112,KS,,"Lapwing, southern",7/14/2019
Leona,Morrow,,7065538580,30919,GA,,"Tapir, brazilian",4/30/2019
Shannan,Morrant,,6514365437,55407,MN,true,Eastern diamondback rattlesnake,10/7/2018
Spense,Tamburo,,,25313,WV,false,,3/29/2019
Lief,Rohmer,lrohmer5t@columbia.edu,6191162388,92145,CA,true,Steenbok,2/22/2019
Brice,Paydon,bpaydon5u@360.cn,3011794756,20892,MD,true,,9/18/2019
Broderic,Pitkeathley,,8127970217,47405,IN,false,Aardwolf,3/11/2019
Lizabeth,Bennallck,,5185483595,12325,NY,,Crimson-breasted shrike,8/2/2019
Regen,Mallock,rmallock5x@samsung.com,2145718682,75397,TX,false,Peregrine falcon,6/5/2019
Kelci,Glison,kglison5y@springer.com,2392446146,33915,FL,true,European wild cat,12/15/2018
Mellisent,Marder,,8033524989,29203,SC,true,"Capuchin, white-fronted",11/25/2018
Mame,Vannuchi,,,23605,VA,false,Australian pelican,11/28/2018
Lorilee,Simoncello,,,38136,TN,,"Tortoise, galapagos",5/22/2019
Randall,Malarkey,rmalarkey62@shutterfly.com,5593920425,95354,CA,true,,10/24/2018
Marysa,Tunstall,,4152861251,,,true,Four-horned antelope,4/3/2019
Shea,Baffin,,9414254005,33982,FL,,,1/23/2019
Sidonia,Dearsley,sdearsley65@acquirethisname.com,2029606830,20010,DC,,"Turkey, common",2/5/2019
Iorgos,Gudyer,igudyer66@go.com,2166845628,44105,OH,,,6/16/2019
Nanon,Briamo,,7165307403,14210,NY,false,Plains zebra,12/19/2018
Mabelle,Fann,mfann68@irs.gov,9178992641,11470,NY,true,Chacma baboon,8/23/2019
Duffie,Badrick,dbadrick69@youku.com,7045981042,28242,NC,false,"Tern, white-winged",1/5/2019
Flss,Hardiker,fhardiker6a@webnode.com,9153485789,,,true,"Lemur, lesser mouse",11/12/2018
Dee dee,Le Gall,dlegall6b@hugedomains.com,7137758712,77223,TX,,"Bunting, crested",4/29/2019
Dorrie,Strutley,dstrutley6c@loc.gov,4095491764,,,false,Australian sea lion,6/17/2019
Katharyn,Lamlin,,8609407972,06140,CT,,"Crow, house",10/12/2018
Elinore,Roizn,eroizn6e@ca.gov,7271613877,33742,FL,false,"Cat, kaffir",11/5/2018
Boot,Rickerby,brickerby6f@livejournal.com,3128761991,60691,IL,,"Kingfisher, white-throated",7/6/2019
Bradan,Whyard,bwhyard6g@examiner.com,3309915539,44705,OH,,Yellow mongoose,7/20/2019
Rheta,Schubbert,rschubbert6h@myspace.com,2128110437,10280,NY,false,Bat-eared fox,9/7/2019
Chase,Beswick,,4046144633,30506,GA,true,"Dragon, asian water",10/24/2018
Gay,Redferne,gredferne6j@flavors.me,8588561899,92668,CA,true,"Snake, buttermilk",12/1/2018
Pauly,Hapgood,,7041779506,28278,NC,false,"Tern, arctic",1/15/2019
Gibb,Melville,gmelville6l@sphinn.com,2039980964,06726,CT,,"Elephant, asian",2/13/2019
Collin,Nussgen,cnussgen6m@google.fr,4044484772,30316,GA,false,"Otter, brazilian",11/23/2018
Katine,Ratnage,,6175618117,02298,MA,true,"Owl, white-browed",11/23/2018
Torrey,Yelland,,5028370093,40280,KY,true,,10/6/2018
Ogdan,Cratere,,,38197,TN,false,Lilac-breasted roller,8/16/2019
Kathleen,Winspeare,,5121941056,78769,TX,,Ant (unidentified),9/17/2019
Gabrielle,Osgood,gosgood6r@tripadvisor.com,3041942666,25726,WV,false,Common wolf,3/30/2019
Essy,Jurczak,,,33448,FL,,Brazilian otter,5/4/2019
Cameron,Gilffilland,cgilffilland6t@meetup.com,9162455584,94237,CA,true,,5/7/2019
Joye,Vlasyev,,2394793185,34114,FL,,Great egret,6/30/2019
Stefanie,Crocker,,5055385552,87110,NM,true,Puma,6/19/2019
Sisile,Luquet,,7176076097,17622,PA,true,,7/1/2019
Stanly,Dallas,sdallas6x@joomla.org,8045729492,23285,VA,true,,12/10/2018
Tannie,Mellers,tmellers6y@blinklist.com,6265434719,90020,CA,true,,9/11/2019
Sigismondo,O'Hickey,,,23504,VA,,Nelson ground squirrel,3/9/2019
Kelsey,Matysik,kmatysik70@hubpages.com,9032653739,75710,TX,,"Nighthawk, common",11/12/2018
Broderick,Eisikowitch,beisikowitch71@admin.ch,9018670417,38131,TN,false,"Racer, american",5/28/2019
Alfreda,Stuffins,astuffins72@usgs.gov,3369091556,27105,NC,true,"Badger, american",5/16/2019
Iseabal,Brisco,,5138948881,45254,OH,,Carpet snake,10/1/2018
Johann,Kobel,,5126993295,78710,TX,false,Lapwing (unidentified),2/15/2019
Decca,Wood,dwood75@constantcontact.com,9047226960,32244,FL,,"Mongoose, small indian",4/14/2019
Cynthy,Bryns,,3039373965,80150,CO,,Two-banded monitor,8/25/2019
Trixy,Eldrett,,2165822183,44118,OH,true,"Phalarope, red-necked",3/19/2019
Bernadine,Rawe,brawe78@networksolutions.com,2021054505,56944,DC,true,Thomson's gazelle,2/23/2019
Mort,Scorrer,,6148838033,43240,OH,false,Carpet snake,11/28/2018
Uta,Yurukhin,uyurukhin7a@nbcnews.com,8166801918,66112,KS,false,,9/7/2019
Norbert,Nicolson,nnicolson7b@cloudflare.com,7023531257,89145,NV,true,Tammar wallaby,11/22/2018
Ashia,Kemmett,,6195190712,92196,CA,,,8/23/2019
Charlie,Cardoo,,6464068200,,,true,Puna ibis,9/1/2019
Lauraine,Klimko,,2163258278,44105,OH,false,"Trumpeter, dark-winged",1/30/2019
Johannes,Dufoure,jdufoure7f@sbwire.com,2109419915,78291,TX,false,"Boubou, southern",4/8/2019
Dean,Menis,dmenis7g@cmu.edu,4043441805,30356,GA,,,8/16/2019
Papagena,Deniskevich,pdeniskevich7h@homestead.com,2054450837,,,,Neotropic cormorant,7/26/2019
Waylen,Grace,,6824765787,76192,TX,true,"Roller, lilac-breasted",5/25/2019
Susan,Haugeh,,5134677461,45296,OH,false,Pallas's fish eagle,8/16/2019
Nicky,Welden,,,38161,TN,true,Blue and yellow macaw,5/12/2019
Alec,Powderham,apowderham7l@lulu.com,2292021447,31704,GA,,Gelada baboon,10/19/2018
Nil,Antonognoli,nantonognoli7m@lulu.com,4055491018,73114,OK,,,3/28/2019
Everett,Baxstar,,5857999329,14683,NY,,Black-crowned night heron,1/6/2019
Herculie,Dregan,hdregan7o@hp.com,,32590,FL,,Indian porcupine,10/11/2018
Juliann,Sheward,,3038943733,80228,CO,,,12/23/2018
Hertha,Mateu,,7271701635,33777,FL,,"Finch, common melba",7/14/2019
Eudora,Furphy,,9191750044,27710,NC,false,"Eagle, pallas's fish",5/7/2019
Anjela,Maes,amaes7s@wired.com,8321056850,77070,TX,false,Asian lion,2/6/2019
Alexina,MacAnelley,,5123458281,78715,TX,false,,6/10/2019
Vittorio,Alldridge,,4236711307,37416,TN,,,7/10/2019
Mark,Bramhill,,8138309195,33758,FL,,"Grenadier, purple",8/31/2019
Mickie,Hakonsson,mhakonsson7w@acquirethisname.com,2029184366,20470,DC,,Bent-toed gecko,11/19/2018
Sybil,MacCafferky,,2561168378,35905,AL,true,Lapwing (unidentified),2/13/2019
Thornie,Tott,,8013622974,84120,UT,false,"Seal, northern elephant",1/19/2019
Rafaela,Shippam,rshippam7z@opensource.org,2026992887,20508,DC,true,"Legaan, water",11/2/2018
Kaitlin,Frontczak,,5108350517,94611,CA,,Pallas's fish eagle,10/20/2018
Rubetta,Noonan,,2123116707,11431,NY,,Barasingha deer,5/12/2019
Russell,Peerman,,2391905357,34114,FL,true,"Siskin, yellow-rumped",6/7/2019
Dalt,Mullord,dmullord83@shutterfly.com,3076110302,82007,WY,true,"Colobus, white-mantled",7/13/2019
Maryann,Rankling,,3057677850,33023,FL,,North American river otter,3/23/2019
Lotta,Durber,,8624071735,07188,NJ,true,Desert spiny lizard,2/7/2019
Arte,Conor,aconor86@infoseek.co.jp,2147806674,75185,TX,true,,11/27/2018
Querida,Puckey,,2059769155,35205,AL,true,"Crocodile, nile",10/7/2018
Cindra,Fratson,,8324528725,77075,TX,false,Red-billed toucan,9/16/2019
Violette,Kyncl,vkyncl89@tinypic.com,5125503685,78682,TX,,"Capuchin, black-capped",1/19/2019
Deni,Cousen,dcousen8a@cnn.com,6027115399,85311,AZ,false,,12/17/2018
Brandie,Humm,,2028928926,20404,DC,false,Smith's bush squirrel,2/18/2019
Etty,Garfitt,egarfitt8c@cmu.edu,7044853843,28242,NC,,"Mynah, common",9/29/2019
Miguelita,Muckleston,,3036771620,80126,CO,,Red-billed buffalo weaver,11/24/2018
Trude,Yea,tyea8e@dropbox.com,6619523927,93591,CA,,Columbian rainbow boa,3/15/2019
Lanni,Seger,,9159685670,88589,TX,,"Roadrunner, greater",10/26/2018
Rainer,Comerford,,7325988235,08922,NJ,false,Gulls (unidentified),9/19/2019
Karlene,Moxstead,,7859283097,66617,KS,false,,9/14/2019
Morse,Doddemeede,mdoddemeede8i@hibu.com,9072115383,99709,AK,,"Dragon, asian water",8/25/2019
Avrom,Puxley,,2022593127,20430,DC,true,Water monitor,4/2/2019
Lavinie,Bonds,lbonds8k@seesaa.net,,24024,VA,true,Tiger cat,9/13/2019
Karry,Threlkeld,,8046764652,23260,VA,true,Brush-tailed rat kangaroo,7/25/2019
Spense,Lanfere,slanfere8m@ning.com,2038518508,06825,CT,true,,8/22/2019
Verge,Channing,vchanning8n@jigsy.com,8501079946,34665,FL,,,2/11/2019
Ignacius,Mustin,,2021832969,20244,DC,false,Malagasy ground boa,7/12/2019
Olag,Rames,orames8p@taobao.com,4027413815,68517,NE,true,"Dragon, western bearded",6/7/2019
Lorry,Harmer,,7575767098,23551,VA,,"Skunk, western spotted",9/16/2019
Lib,Ledrane,lledrane8r@yellowpages.com,9159838419,79923,TX,,California sea lion,7/21/2019
Samantha,Feeny,sfeeny8s@senate.gov,,77288,TX,,Squirrel glider,7/26/2019
Sansone,Bindon,,7866275081,,,,"Pheasant, ring-necked",12/13/2018
Gregorius,O'Rowane,gorowane8u@google.com.au,3022598684,19714,DE,,Blue duck,1/2/2019
Ruddy,Midden,,9123807735,31416,GA,false,"Buffalo, wild water",12/20/2018
Nanon,Gouly,ngouly8w@quantcast.com,6029662089,85053,AZ,false,,6/24/2019
Fan,Harmston,fharmston8x@123-reg.co.uk,4048736280,30380,GA,,,3/7/2019
Ashley,Skace,askace8y@berkeley.edu,,20167,VA,false,Wolf spider,7/21/2019
Elvis,Pendlenton,ependlenton8z@deliciousdays.com,8179293075,76121,TX,,"Buffalo, african",10/31/2018
Ulrica,Ockenden,uockenden90@google.ru,2025498251,20580,DC,,,11/23/2018
Carleen,Lacroux,clacroux91@salon.com,,98424,WA,,"Vulture, white-rumped",4/7/2019
Packston,Odger,,2081749986,97211,OR,true,Australian pelican,9/19/2019
Tabitha,Kull,tkull93@boston.com,5133942263,45254,OH,true,"Bear, grizzly",6/25/2019
Gardy,Camerati,gcamerati94@europa.eu,3034823690,80305,CO,,"Shrike, crimson-breasted",4/21/2019
Marylinda,Pesic,,3176908800,46207,IN,,"Armadillo, nine-banded",9/7/2019
Jecho,Whiteman,jwhiteman96@webmd.com,4021483490,,,,"Armadillo, common long-nosed",6/22/2019
Rafe,Cornelius,rcornelius97@deliciousdays.com,9047287635,32230,FL,,,2/24/2019
Baird,Danilovic,bdanilovic98@domainmarket.com,,90071,CA,,,12/8/2018
Bartholomew,Horburgh,,4076720561,34745,FL,false,Eurasian red squirrel,9/10/2019
Marmaduke,Esposita,mesposita9a@quantcast.com,,80150,CO,,"Thrasher, curve-billed",7/18/2019
Beauregard,Lathwell,,3307183006,44710,OH,true,"Boar, wild",8/21/2019
Joshuah,Rannigan,,7701461207,30506,GA,true,,5/20/2019
Gray,McKimmey,,5037594106,97306,OR,,,4/9/2019
Hermy,Camelli,,9047586189,32277,FL,,"Openbill, asian",12/18/2018
Shoshanna,Eykel,,3187335504,71166,LA,,"Lory, rainbow",6/25/2019
Shirley,Sara,,8176820349,76096,TX,,"Echidna, short-beaked",2/21/2019
Brok,Pledge,,5048273446,70142,LA,true,White rhinoceros,1/3/2019
Isidora,Finker,ifinker9i@ucoz.ru,9726449393,75231,TX,,,11/7/2018
Mortie,Jedrzejkiewicz,,2127705121,10079,NY,,"Hornbill, yellow-billed",6/30/2019
Ronnie,Titta,rtitta9k@pbs.org,2674622302,18018,PA,,,2/19/2019
Siffre,Philipeau,,8594231291,40524,KY,true,,8/19/2019
Alfy,Raper,,7133978355,77250,TX,,Hippopotamus,1/7/2019
Pier,Franiak,,3033099986,80223,CO,,,4/7/2019
Zonnya,Maud,,6014052788,39282,MS,false,"Zebra, plains",2/25/2019
Connie,Caulwell,ccaulwell9p@slashdot.org,2815329494,77005,TX,,,12/7/2018
Godiva,Nortunen,,5592047690,93778,CA,true,,7/1/2019
Luce,Touzey,ltouzey9r@homestead.com,4803396674,85219,AZ,,King cormorant,4/26/2019
Berry,Auletta,,,23705,VA,true,,3/7/2019
Janeva,Sidon,jsidon9t@artisteer.com,5128842299,78726,TX,false,"Vulture, turkey",5/30/2019
Drake,Rhyme,,2051065475,,,true,"Tinamou, elegant crested",1/27/2019
Donnell,Tchir,,5134394796,45233,OH,false,Little cormorant,4/24/2019
Modestine,Edmonston,,2817491763,,,true,"Dove, emerald-spotted wood",5/17/2019
Ula,Doret,udoret9x@gravatar.com,6094733371,08695,NJ,,,1/14/2019
Everett,Prior,,9413499889,34135,FL,true,,3/10/2019
Staffard,Latour,,6365255688,63131,MO,,"Colobus, black and white",2/13/2019
Dode,Armfield,,7816310510,02163,MA,,"Hartebeest, coke's",7/13/2019
Janenna,Coombes,,,79188,TX,,Land iguana,11/21/2018
Pernell,Eastway,,4059463031,73190,OK,,Dromedary camel,3/29/2019
Datha,Shayes,dshayesa3@icq.com,2025805003,20540,DC,false,"Goose, knob-nosed",10/17/2018
Vyky,Bortolazzi,,2145404391,75310,TX,,"Baboon, olive",10/31/2018
Aline,Cisec,,7633771650,55115,MN,true,,5/28/2019
Colly,Millar,cmillara6@fema.gov,9191647549,27690,NC,,,8/12/2019
Harlan,Guye,,5151096818,50305,IA,,"Albatross, waved",4/28/2019
Hewitt,Schrir,,,78405,TX,,Black-necked stork,2/6/2019
Idette,Rentenbeck,,7187599620,11220,NY,false,"Goose, cape barren",2/2/2019
Oates,Boxhall,oboxhallaa@yandex.ru,6157495900,37235,TN,,Marine iguana,11/13/2018
Drucie,Tierney,dtierneyab@cafepress.com,5611223654,33411,FL,,White-throated toucan,6/4/2019
Erena,Michurin,,3348289482,35210,AL,false,,11/27/2018
Kora,Bresner,,2051429785,35215,AL,,Painted stork,1/3/2019
Leia,McGeaney,,6024838856,85045,AZ,true,"Squirrel, pine",9/22/2019
Debi,Beuscher,dbeuscheraf@sogou.com,5154487046,50335,IA,true,Civet cat,6/16/2019
Evie,Burdikin,,8434836910,29905,SC,,"Weaver, chestnut",9/10/2019
Rosetta,Blythe,,4137051481,01105,MA,,Tokay gecko,5/23/2019
Carver,Lysons,,,96840,HI,false,,5/29/2019
Guglielmo,Denkel,,6167682046,49505,MI,false,"Cormorant, large",9/21/2019
Clevie,Sidebotham,csidebothamak@google.com.hk,2013477189,07310,NJ,false,,7/3/2019
Wendie,Tremollet,,3476720717,11355,NY,,"Sloth, hoffman's",4/17/2019
Ginelle,Ghiraldi,gghiraldiam@stanford.edu,,,,true,Red-billed toucan,10/29/2018
Koenraad,Turl,,9567320611,78044,TX,false,"Lizard, collared",10/31/2018
Curcio,Braywood,cbraywoodao@paginegialle.it,,,,,Black-footed ferret,3/6/2019
Brandais,Ballinger,bballingerap@mapquest.com,4345524832,24515,VA,,"Gazelle, thomson's",1/8/2019
Kaine,Greenhill,kgreenhillaq@nbcnews.com,7752959658,89595,NV,,Blue-tongued skink,1/21/2019
Roseann,Wedon,,,80150,CO,true,Potoroo,10/25/2018
Loria,Dorsett,,,37220,TN,,,11/19/2018
Clark,Mulqueen,cmulqueenat@digg.com,5097765324,99210,WA,false,"Anteater, australian spiny",5/23/2019
Percival,Sussans,,8011386596,84152,UT,false,"Woodcock, american",5/16/2019
Kyle,McFade,kmcfadeav@bizjournals.com,7022408926,89135,NV,false,"Bird, magnificent frigate",11/1/2018
Jory,Polendine,jpolendineaw@alibaba.com,4694668965,75226,TX,,Eurasian beaver,6/8/2019
Rosalind,Winston,rwinstonax@wufoo.com,8135012951,33605,FL,false,,4/26/2019
Marion,Growden,,7138825261,77085,TX,,"Vulture, egyptian",4/15/2019
Gusty,Melvin,gmelvinaz@nbcnews.com,3039991402,80126,CO,false,"Brocket, red",2/16/2019
Enriqueta,Blanche,,3185546887,71166,LA,,"Gazelle, grant's",11/18/2018
Opaline,Farnish,ofarnishb1@artisteer.com,5185922660,12255,NY,,,1/8/2019
Malissia,Gurry,mgurryb2@marketwatch.com,,94605,CA,true,Common ringtail,2/15/2019
Thomasine,Mullinger,,,23289,VA,,Blue shark,2/1/2019
Brigitta,Tempest,btempestb4@a8.net,5102355464,95823,CA,true,Emu,6/5/2019
Cairistiona,Lawrenson,clawrensonb5@seattletimes.com,2295883817,31605,GA,false,"Marmot, yellow-bellied",12/4/2018
Fair,Guidetti,,3134556413,48224,MI,false,,12/16/2018
Farleigh,Dyson,fdysonb7@yolasite.com,6058925546,,,,Black-cheeked waxbill,9/5/2019
Gerald,Piatkow,,6013626786,39236,MS,true,Black-backed magpie,6/26/2019
Tybi,Falconbridge,tfalconbridgeb9@com.com,6028211872,,,true,"Wombat, common",6/16/2019
Micky,Balsillie,mbalsillieba@bbb.org,2025093936,20046,DC,,"Goldeneye, barrows",3/19/2019
Sheila,Trimming,,7577379239,23471,VA,true,Mountain goat,4/15/2019
Nollie,Nulty,nnultybc@unc.edu,6036791012,00214,NH,false,"Elephant, african",1/27/2019
Linc,Tieraney,ltieraneybd@epa.gov,2814707196,77035,TX,,,10/6/2018
Calla,Peake,,7165754252,14269,NY,false,"Starling, greater blue-eared",10/28/2018
Dalt,Mac Giolla Pheadair,,5133832759,45203,OH,true,Civet cat,1/28/2019
Consuela,Lingley,clingleybg@istockphoto.com,5139513155,45419,OH,false,,3/19/2019
Aksel,Donaway,,3172010947,46247,IN,,Brown pelican,1/12/2019
Claus,Harle,,9374002708,45490,OH,,"Bear, polar",3/12/2019
Jesse,Ordidge,,,20420,DC,false,"Vulture, bengal",2/2/2019
Aile,Cordy,,2062879064,98424,WA,,Red lava crab,3/24/2019
Hobard,Whenham,,3106350456,90035,CA,true,Ringtail,2/7/2019
Haskell,Joddens,hjoddensbm@com.com,9154261479,88569,TX,true,Blue and gold macaw,7/31/2019
Sher,Standidge,sstandidgebn@latimes.com,5031219643,97286,OR,,Northern elephant seal,3/2/2019
Falito,Hows,fhowsbo@jigsy.com,4796698675,,,,Rhesus monkey,4/17/2019
Joy,Bome,,3306287689,44321,OH,,Black rhinoceros,12/23/2018
Koo,Beddoe,,2107640389,78245,TX,true,,9/5/2019
Rob,Gartell,,7137884014,77212,TX,true,"Rat, white-faced tree",9/24/2019
Jacob,Nickoles,,4152744689,94137,CA,,"Grouse, greater sage",9/22/2019
Fabien,Whitmell,fwhitmellbt@topsy.com,2025844050,20051,DC,false,"Dog, bush",2/27/2019
Alard,Guttridge,,,24020,VA,,"Magpie, black-backed",9/13/2019
Christophe,Sissland,csisslandbv@businesswire.com,2032477154,06905,CT,false,"Kingfisher, pied",1/27/2019
Germana,Asif,,8179980967,76129,TX,,"Skua, long-tailed",10/25/2018
Benedicta,Bennen,bbennenbx@tumblr.com,2022025914,20099,DC,,Banded mongoose,9/21/2019
Lynnelle,Cud,lcudby@xrea.com,3093592231,61629,IL,true,,5/5/2019
Ashlan,Twitchings,atwitchingsbz@ca.gov,7196564018,80930,CO,true,Grey phalarope,8/24/2019
Oran,Powton,opowtonc0@springer.com,9015435176,38114,TN,false,Black bear,8/13/2019
Bo,Tawn,,2029993534,20508,DC,,"Jackal, indian",10/30/2018
Ezequiel,Bruhn,ebruhnc2@senate.gov,6194471450,92160,CA,true,"Python, carpet",4/29/2019
Ibbie,Dedam,idedamc3@webs.com,,75049,TX,true,African pied wagtail,2/11/2019
Pietrek,Coolahan,pcoolahanc4@1688.com,,36628,AL,,"Alligator, american",8/13/2019
Juanita,Nacey,jnaceyc5@google.co.jp,4151534914,94177,CA,false,"Wolf, mexican",9/2/2019
Noel,Kissock,,2291354401,31704,GA,,Jaguar,10/30/2018
Hubey,Blankhorn,hblankhornc7@woothemes.com,9719462923,97229,OR,,Lappet-faced vulture,7/26/2019
Ichabod,Manshaw,,4064587882,59623,MT,true,"Heron, striated",8/15/2019
Giulio,Haugen,ghaugenc9@blogs.com,2026669642,20215,DC,true,,12/30/2018
Dinnie,Hawkwood,,3257413987,76905,TX,,"Caracara, yellow-headed",6/23/2019
Jerad,Couper,,9171388133,11388,NY,,Red-shouldered glossy starling,1/14/2019
Cly,Wick,,7178076424,17622,PA,true,"Eagle, african fish",12/18/2018
Billie,Curphey,,6126794875,55480,MN,,Rose-ringed parakeet,11/1/2018
Christean,Brigstock,,2029622515,20299,DC,,Groundhog,6/11/2019
Claybourne,Mangeot,cmangeotcf@cmu.edu,3615065683,78415,TX,false,Silver-backed jackal,5/20/2019
Charil,Labusch,,,98682,WA,true,Tiger,5/15/2019
Inez,Batman,,,84115,UT,false,Southern black-backed gull,11/23/2018
Shirley,Duell,,6169631318,49518,MI,,White-fronted capuchin,12/18/2018
Jessee,Jerromes,jjerromescj@cpanel.net,2025726500,,,false,Four-striped grass mouse,12/30/2018
Maurita,California,,,25305,WV,false,,4/4/2019
Alecia,Auchterlonie,aauchterloniecl@senate.gov,3865314606,32123,FL,false,Mallard,5/21/2019
Cleo,Beakes,cbeakescm@shinystat.com,2818506775,77095,TX,,"Lapwing, southern",3/15/2019
Valera,Scrace,vscracecn@spiegel.de,8435440290,29403,SC,true,"Capuchin, weeper",11/6/2018
Dre,Hark,,9152271849,88563,TX,true,"Squirrel, nelson ground",5/25/2019
Roana,Anelay,ranelaycp@opensource.org,,30130,GA,,"Flamingo, chilean",4/24/2019
Kev,Nassey,knasseycq@mlb.com,,98405,WA,,Southern ground hornbill,3/7/2019
Deina,Hogben,dhogbencr@github.io,,91606,CA,,Crowned eagle,7/11/2019
Cherye,Locket,,,33963,FL,false,Onager,5/29/2019
Agace,Ruckledge,aruckledgect@wired.com,4079489446,32803,FL,,,9/26/2019
Mendy,Pfeuffer,,9153226880,88574,TX,true,Golden jackal,5/25/2019
Ekaterina,Blais,eblaiscv@hugedomains.com,5714656125,22093,VA,false,Australian brush turkey,5/16/2019
Jeramie,Cod,,6147022494,43240,OH,true,Darwin ground finch (unidentified),10/13/2018
Maxy,Melan,mmelancx@networkadvertising.org,8508282743,32590,FL,,Striated heron,5/14/2019
Ikey,Asker,iaskercy@state.gov,3472772604,10014,NY,,"Bleu, blue-breasted cordon",6/5/2019
Dewitt,Rengger,,5743074624,46634,IN,true,"Corella, long-billed",6/22/2019
Calhoun,Fallon,cfallond0@topsy.com,5016411519,72118,AR,,Uinta ground squirrel,11/20/2018
Dan,Mateuszczyk,,3212530370,32835,FL,false,Black bear,12/20/2018
Benedikt,Stather,bstatherd2@elegantthemes.com,5853224129,14619,NY,true,"Squirrel, golden-mantled ground",8/23/2019
Lydon,Kenworthey,lkenwortheyd3@ask.com,2069559537,98127,WA,,"Bison, american",6/7/2019
Shaine,Klimashevich,sklimashevichd4@themeforest.net,,71115,LA,,,9/30/2019
Liana,Skeath,,,89115,NV,,Cape fox,2/3/2019
Gilli,Van de Vlies,,8017025012,84110,UT,false,"Dolphin, bottle-nose",2/16/2019
Dulcea,Hemshall,dhemshalld7@cam.ac.uk,7859019224,66642,KS,true,Moose,9/2/2019
Judah,Vick,jvickd8@example.com,7166946070,14220,NY,,White rhinoceros,4/9/2019
Amble,Tomsa,atomsad9@google.fr,2601782906,46862,IN,true,,9/22/2019
Aldus,Moyne,,2518480174,36628,AL,true,Ring dove,7/15/2019
Jen,Tressler,jtresslerdb@microsoft.com,8143772635,15906,PA,,Red-winged blackbird,3/30/2019
Hilario,Cowdrey,hcowdreydc@scientificamerican.com,4011349052,02905,RI,false,"Macaque, rhesus",3/15/2019
Aloysia,Chatwin,,7025568645,89012,NV,true,European wild cat,9/26/2019
Florence,Jacobsohn,fjacobsohnde@kickstarter.com,5616541029,32909,FL,true,Grey heron,7/19/2019
Marlyn,Wrightim,mwrightimdf@boston.com,5616019763,33421,FL,,"Goose, egyptian",4/22/2019
Corbet,Abendroth,,8057336291,93111,CA,false,"Crane, brolga",4/18/2019
Erina,Lackeye,elackeyedh@wikia.com,,75221,TX,,Great egret,5/19/2019
Federica,Darragon,,9719762632,97232,OR,false,Dark-winged trumpeter,6/26/2019
Verge,Luton,vlutondj@comcast.net,,77806,TX,true,White-headed vulture,9/20/2019
Dela,Guidelli,,2054248408,35225,AL,,Stick insect,4/11/2019
Audie,Lashbrook,alashbrookdl@technorati.com,4129013215,15134,PA,,Ground legaan,7/17/2019
Candy,Karpol,,4089979379,95160,CA,true,"Wombat, southern hairy-nosed",11/24/2018
Maxy,Mullany,mmullanydn@webmd.com,8012849763,84152,UT,true,Bleeding heart monkey,7/13/2019
Junette,Stairmond,jstairmonddo@twitter.com,2812524394,77045,TX,false,"Crake, african black",2/25/2019
Leif,Mangenet,,8039130636,29240,SC,,Western spotted skunk,2/14/2019
Cindelyn,Chillingsworth,,8069882276,79188,TX,,Crab-eating fox,9/30/2019
Natal,Cullabine,ncullabinedr@thetimes.co.uk,2145823690,75241,TX,,"Beaver, european",1/3/2019
Karrah,Courson,kcoursonds@archive.org,2064211681,98140,WA,,"Bird, magnificent frigate",1/20/2019
Ragnar,Wisniowski,,5718134229,22036,VA,true,Verreaux's sifaka,8/30/2019
Heath,Glasgow,hglasgowdu@ebay.com,9363795127,77090,TX,false,"Snake, buttermilk",9/18/2019
Salome,Bryers,,7865294538,33196,FL,,Violet-crested turaco,3/8/2019
